language,X1,X2,X3,X4,X5,X6,X7,X8,X9,X10,X11,X12
NOT US,9.87059621975343,-5.81080976283965,4.57092487481191,10.9468391353103,-7.77727199376223,11.6129289573656,-10.8662614723424,5.29199790173979,-0.196117313303719,-8.01894200870223,3.57555907641138,-3.72510985017232
NOT US,6.70217862365828,-5.18110941434778,2.67462672894322,8.18095254313572,-8.40121684230743,10.6129683045283,-8.53235432385983,6.20207136350634,-0.005924974556675,-3.50116357230959,3.75677354200558,-5.52735243315533
NOT US,3.83802789589249,-1.34926873453648,0.573013552947676,4.77876889376833,-6.47392563223426,11.2226781311556,-11.3754070231632,5.5725246400604,-0.285358566152141,-2.77100289962948,4.02002057972255,-5.09396340360443
NOT US,1.19775803507661,-1.75735781746674,1.03958394508396,6.85834162517507,-6.74816535065418,10.623024737764,-10.4197257266899,4.48194521570318,-0.906224771460166,-2.54519960287292,2.32866850915387,-3.60101707400687
NOT US,2.56959638264351,-3.62369715447761,1.04215577646989,8.71862979700536,-5.33403206433587,9.7169299516787,-9.9047033315852,5.03773245355617,-0.546763956225382,-5.05100548446547,2.63686977504503,-4.92707531229878
US,6.68643492291625,-4.99930773119894,3.38757150141908,6.45169373549484,-4.510069479596,8.96830833116332,-8.63388845511623,4.94387179338942,-2.07230623669448,-0.320164146179103,1.66199824278992,-3.35236307990613
